{
  "dataset_info": {
    "source": "synthetic",
    "dataset_path": "generated",
    "dataset_hash": "synthetic_v1",
    "n_samples": 1000,
    "caveat": "Synthetic dataset - not real hiring decisions. Content-neutral generation.",
    "generation_seed": 42
  },
  "model_performance": {
    "auc": 0.6494033136368903,
    "accuracy": 0.685,
    "precision": 0.7402597402597403,
    "recall": 0.8321167883211679,
    "n_test_samples": 200,
    "positive_rate": 0.685
  },
  "fairness_metrics": {
    "gender": {
      "disparate_impact": {
        "value": 0.8926342072409488,
        "threshold": 0.8,
        "passed": true,
        "group_breakdown": {
          "female": 0.8090909090909091,
          "male": 0.7222222222222222
        }
      },
      "equalized_odds_gap": {
        "value": 0.13526881720430106,
        "threshold": 0.1,
        "passed": false,
        "group_breakdown": {
          "female": 0.8933333333333333,
          "male": 0.7580645161290323
        }
      },
      "calibration_ece": {
        "value": 0.23561227168815163,
        "threshold": 0.05,
        "passed": false,
        "group_breakdown": {
          "female": 0.12883536743220275,
          "male": 0.23561227168815163
        }
      },
      "per_group_auc": {
        "value": 0.5685483870967742,
        "threshold": 0.7,
        "passed": false,
        "group_breakdown": {
          "female": 0.7217142857142859,
          "male": 0.5685483870967742
        }
      }
    },
    "race": {
      "disparate_impact": {
        "value": 0.8337765957446809,
        "threshold": 0.8,
        "passed": true,
        "group_breakdown": {
          "asian": 0.7735849056603774,
          "black": 0.7021276595744681,
          "hispanic": 0.7441860465116279,
          "white": 0.8421052631578947
        }
      },
      "equalized_odds_gap": {
        "value": 0.22272727272727266,
        "threshold": 0.1,
        "passed": false,
        "group_breakdown": {
          "asian": 0.8157894736842105,
          "black": 0.7272727272727273,
          "hispanic": 0.8076923076923077,
          "white": 0.95
        }
      },
      "calibration_ece": {
        "value": 0.26408785695818404,
        "threshold": 0.05,
        "passed": false,
        "group_breakdown": {
          "asian": 0.192408511850409,
          "black": 0.26289302054841435,
          "hispanic": 0.26408785695818404,
          "white": 0.15683717254371782
        }
      },
      "per_group_auc": {
        "value": 0.6158008658008658,
        "threshold": 0.7,
        "passed": false,
        "group_breakdown": {
          "asian": 0.6421052631578947,
          "black": 0.6158008658008658,
          "hispanic": 0.6651583710407241,
          "white": 0.6455882352941176
        }
      }
    }
  },
  "counterfactual_results": {},
  "top_features": [
    {
      "feature_name": "years_experience",
      "importance": 0.37193144261167144,
      "shape_contribution": "positive",
      "rank": 1
    },
    {
      "feature_name": "years_experience_match",
      "importance": 0.23337062560638497,
      "shape_contribution": "positive",
      "rank": 2
    },
    {
      "feature_name": "skill_overlap_jaccard",
      "importance": 0.06972382774655447,
      "shape_contribution": "mixed",
      "rank": 3
    },
    {
      "feature_name": "skill_diversity",
      "importance": 0.06574750441660537,
      "shape_contribution": "positive",
      "rank": 4
    },
    {
      "feature_name": "education_numeric",
      "importance": 0.06082187437245469,
      "shape_contribution": "positive",
      "rank": 5
    },
    {
      "feature_name": "unique_skill_count",
      "importance": 0.03715336676100047,
      "shape_contribution": "positive",
      "rank": 6
    },
    {
      "feature_name": "category_coverage",
      "importance": 0.03221780131611868,
      "shape_contribution": "positive",
      "rank": 7
    },
    {
      "feature_name": "education_level",
      "importance": 0.026106210449524537,
      "shape_contribution": "mixed",
      "rank": 8
    },
    {
      "feature_name": "required_skill_count",
      "importance": 0.020096161860930963,
      "shape_contribution": "mixed",
      "rank": 9
    },
    {
      "feature_name": "preferred_skill_ratio",
      "importance": 0.01770845737640904,
      "shape_contribution": "mixed",
      "rank": 10
    }
  ],
  "calibration_metrics": {
    "ece_before": 0.14679780244571042,
    "ece_after": 0.05805296297453104,
    "brier_score_before": 0.1332318324947537,
    "brier_score_after": 0.11309112425005016,
    "calibration_samples": 240
  },
  "metadata": {
    "timestamp": "2026-04-27T18:30:48.214223",
    "random_state": 42,
    "model_config": {
      "n_estimators": 100,
      "max_depth": 3,
      "learning_rate": 0.1,
      "subsample": 0.8,
      "random_state": 42,
      "validation_size": 0.2
    },
    "rule_config": {
      "min_support": 0.01,
      "min_confidence": 0.6,
      "min_lift": 1.2,
      "max_rule_length": 4,
      "top_k": 100
    }
  }
}