{
  "summary": {
    "categories_tested": 5,
    "avg_accuracy": 0.915,
    "avg_f1": 0.21333333333333332,
    "pass_threshold": 0.6,
    "passed": true
  },
  "results": {
    "Backend Engineer": {
      "accuracy": 0.9,
      "precision": 0.0,
      "recall": 0.0,
      "f1": 0.0,
      "test_samples": 40,
      "test_positive": 4,
      "predictions_positive": 0,
      "avg_score": 0.35280380294127606,
      "std_score": 0.05234849179930438
    },
    "Business Analyst": {
      "accuracy": 0.9,
      "precision": 0.0,
      "recall": 0.0,
      "f1": 0.0,
      "test_samples": 40,
      "test_positive": 4,
      "predictions_positive": 0,
      "avg_score": 0.3530395655220186,
      "std_score": 0.04598978882141826
    },
    "Data Engineer": {
      "accuracy": 0.95,
      "precision": 1.0,
      "recall": 0.5,
      "f1": 0.6666666666666666,
      "test_samples": 40,
      "test_positive": 4,
      "predictions_positive": 2,
      "avg_score": 0.351931256619119,
      "std_score": 0.057803086128343346
    },
    "Data Scientist": {
      "accuracy": 0.925,
      "precision": 1.0,
      "recall": 0.25,
      "f1": 0.4,
      "test_samples": 40,
      "test_positive": 4,
      "predictions_positive": 1,
      "avg_score": 0.34347522149143506,
      "std_score": 0.06102915046539448
    },
    "DevOps Engineer": {
      "accuracy": 0.9,
      "precision": 0.0,
      "recall": 0.0,
      "f1": 0.0,
      "test_samples": 40,
      "test_positive": 4,
      "predictions_positive": 0,
      "avg_score": 0.33722138250840217,
      "std_score": 0.05632181422685806
    }
  },
  "errors": []
}